Workbook

Sheet Students
A1: Student ID | B1: Name | C1: Math | D1: Science | E1: English | F1: Enrollment Date | G1: Average | H1: Grade | I1: Score | J1: AND Condition | K1: OR Condition | L1: Year | M1: Difference | N1: Student Name | O1: Name in UPPERCASE | P1: Top Student
A2: 1001 | B2: Student 1 | C2: 61 | D2: 48 | E2: 76 | F2: 43101 | G2: =AVERAGE(C2:E2) -> 61.666667 | H2: =IF(G2>=80,"A",IF(G2>=60,"B","C")) -> B | I2: =COUNTIF($G$2:$G$21,">60") -> 16 | J2: =IF(AND(C2>80,D2>80),"Top","Normal") -> Normal | K2: =IF(OR(C2>50,D2>50),"Pass","Fail") -> Pass | L2: =YEAR(F2) -> 2018 | M2: =TODAY()-F2 -> 3032 | N2: =LEFT(B2,FIND(" ",B2)-1) -> Student | O2: =UPPER(B2) -> STUDENT 1 | P2: =IF(G2>80,"Top Student","-") -> -
A3: 1002 | B3: Student 2 | C3: 78 | D3: 76 | E3: 70 | F3: 43281 | G3: =AVERAGE(C3:E3) -> 74.666667 | H3: =IF(G3>=80,"A",IF(G3>=60,"B","C")) -> B | L3: =YEAR(F3) -> 2018 | M3: =TODAY()-F3 -> 2852 | N3: =LEFT(B3,FIND(" ",B3)-1) -> Student | O3: =UPPER(B3) -> STUDENT 2 | P3: =IF(G3>80,"Top Student","-") -> -
A4: 1003 | B4: Student 3 | C4: 97 | D4: 60 | E4: 51 | F4: 43461 | G4: =AVERAGE(C4:E4) -> 69.333333 | H4: =IF(G4>=80,"A",IF(G4>=60,"B","C")) -> B | L4: =YEAR(F4) -> 2018 | M4: =TODAY()-F4 -> 2672 | N4: =LEFT(B4,FIND(" ",B4)-1) -> Student | O4: =UPPER(B4) -> STUDENT 3 | P4: =IF(G4>80,"Top Student","-") -> -
A5: 1004 | B5: Student 4 | C5: 74 | D5: 55 | E5: 46 | F5: 43641 | G5: =AVERAGE(C5:E5) -> 58.333333 | H5: =IF(G5>=80,"A",IF(G5>=60,"B","C")) -> C | L5: =YEAR(F5) -> 2019 | M5: =TODAY()-F5 -> 2492 | N5: =LEFT(B5,FIND(" ",B5)-1) -> Student | O5: =UPPER(B5) -> STUDENT 4 | P5: =IF(G5>80,"Top Student","-") -> -
A6: 1005 | B6: Student 5 | C6: 68 | D6: 74 | E6: 84 | F6: 43821 | G6: =AVERAGE(C6:E6) -> 75.333333 | H6: =IF(G6>=80,"A",IF(G6>=60,"B","C")) -> B | L6: =YEAR(F6) -> 2019 | M6: =TODAY()-F6 -> 2312 | N6: =LEFT(B6,FIND(" ",B6)-1) -> Student | O6: =UPPER(B6) -> STUDENT 5 | P6: =IF(G6>80,"Top Student","-") -> -
A7: 1006 | B7: Student 6 | C7: 80 | D7: 70 | E7: 65 | F7: 44001 | G7: =AVERAGE(C7:E7) -> 71.666667 | H7: =IF(G7>=80,"A",IF(G7>=60,"B","C")) -> B | L7: =YEAR(F7) -> 2020 | M7: =TODAY()-F7 -> 2132 | N7: =LEFT(B7,FIND(" ",B7)-1) -> Student | O7: =UPPER(B7) -> STUDENT 6 | P7: =IF(G7>80,"Top Student","-") -> -
A8: 1007 | B8: Student 7 | C8: 75 | D8: 47 | E8: 78 | F8: 44181 | G8: =AVERAGE(C8:E8) -> 66.666667 | H8: =IF(G8>=80,"A",IF(G8>=60,"B","C")) -> B | L8: =YEAR(F8) -> 2020 | M8: =TODAY()-F8 -> 1952 | N8: =LEFT(B8,FIND(" ",B8)-1) -> Student | O8: =UPPER(B8) -> STUDENT 7 | P8: =IF(G8>80,"Top Student","-") -> -
A9: 1008 | B9: Student 8 | C9: 94 | D9: 67 | E9: 64 | F9: 44361 | G9: =AVERAGE(C9:E9) -> 75 | H9: =IF(G9>=80,"A",IF(G9>=60,"B","C")) -> B | L9: =YEAR(F9) -> 2021 | M9: =TODAY()-F9 -> 1772 | N9: =LEFT(B9,FIND(" ",B9)-1) -> Student | O9: =UPPER(B9) -> STUDENT 8 | P9: =IF(G9>80,"Top Student","-") -> -
A10: 1009 | B10: Student 9 | C10: 41 | D10: 75 | E10: 56 | F10: 44541 | G10: =AVERAGE(C10:E10) -> 57.333333 | H10: =IF(G10>=80,"A",IF(G10>=60,"B","C")) -> C | L10: =YEAR(F10) -> 2021 | M10: =TODAY()-F10 -> 1592 | N10: =LEFT(B10,FIND(" ",B10)-1) -> Student | O10: =UPPER(B10) -> STUDENT 9 | P10: =IF(G10>80,"Top Student","-") -> -
A11: 1010 | B11: Student 10 | C11: 98 | D11: 54 | E11: 58 | F11: 44721 | G11: =AVERAGE(C11:E11) -> 70 | H11: =IF(G11>=80,"A",IF(G11>=60,"B","C")) -> B | L11: =YEAR(F11) -> 2022 | M11: =TODAY()-F11 -> 1412 | N11: =LEFT(B11,FIND(" ",B11)-1) -> Student | O11: =UPPER(B11) -> STUDENT 10 | P11: =IF(G11>80,"Top Student","-") -> -
A12: 1011 | B12: Student 11 | C12: 73 | D12: 79 | E12: 53 | F12: 44901 | G12: =AVERAGE(C12:E12) -> 68.333333 | H12: =IF(G12>=80,"A",IF(G12>=60,"B","C")) -> B | L12: =YEAR(F12) -> 2022 | M12: =TODAY()-F12 -> 1232 | N12: =LEFT(B12,FIND(" ",B12)-1) -> Student | O12: =UPPER(B12) -> STUDENT 11 | P12: =IF(G12>80,"Top Student","-") -> -
A13: 1012 | B13: Student 12 | C13: 85 | D13: 89 | E13: 79 | F13: 45081 | G13: =AVERAGE(C13:E13) -> 84.333333 | H13: =IF(G13>=80,"A",IF(G13>=60,"B","C")) -> A | L13: =YEAR(F13) -> 2023 | M13: =TODAY()-F13 -> 1052 | N13: =LEFT(B13,FIND(" ",B13)-1) -> Student | O13: =UPPER(B13) -> STUDENT 12 | P13: =IF(G13>80,"Top Student","-") -> Top Student
A14: 1013 | B14: Student 13 | C14: 98 | D14: 90 | E14: 97 | F14: 45261 | G14: =AVERAGE(C14:E14) -> 95 | H14: =IF(G14>=80,"A",IF(G14>=60,"B","C")) -> A | L14: =YEAR(F14) -> 2023 | M14: =TODAY()-F14 -> 872 | N14: =LEFT(B14,FIND(" ",B14)-1) -> Student | O14: =UPPER(B14) -> STUDENT 13 | P14: =IF(G14>80,"Top Student","-") -> Top Student
... A21: 1020 | B21: Student 20 | C21: 83 | D21: 92 | E21: 55 | F21: 46521 | G21: =AVERAGE(C21:E21) -> 76.666667 | H21: =IF(G21>=80,"A",IF(G21>=60,"B","C")) -> B | L21: =YEAR(F21) -> 2027 | M21: =TODAY()-F21 -> -388 | N21: =LEFT(B21,FIND(" ",B21)-1) -> Student | O21: =UPPER(B21) -> STUDENT 20 | P21: =IF(G21>80,"Top Student","-") -> -

Sheet Sales
A1: Sales ID | B1: Product | C1: Region | D1: Salesperson | E1: Amount | F1: Date | G1: Total Sales | H1: Total Sales (East Region) | I1: Average Sales Above 20000 | J1: Position of "Keyboard" | K1: Rounded Amount | L1: Ceiling Value | M1: Floor Value
A2: 2001 | B2: Keyboard | C2: South | D2: Person 1 | E2: 7048 | F2: 44927 | G2: =SUM(E2:E21) -> 507725 | H2: =SUMIFS($E$2:$E$21,$C$2:$C$21,"East") -> 173932 | I2: =AVERAGEIF(E2:E21,">20000") -> 35880.364 | J2: =MATCH("Keyboard",B2:B21,0) -> 1 | K2: =ROUND(E2,2) -> 7048 | L2: =CEILING(E2,10) -> 7050 | M2: =FLOOR(E2,10) -> 7040
A3: 2002 | B3: Printer | C3: West | D3: Person 2 | E3: 17428 | F3: 44942
A4: 2003 | B4: Mouse | C4: South | D4: Person 3 | E4: 23672 | F4: 44957
A5: 2004 | B5: Printer | C5: East | D5: Person 4 | E5: 5264 | F5: 44972
A6: 2005 | B6: Keyboard | C6: North | D6: Person 5 | E6: 43388 | F6: 44987
A7: 2006 | B7: Mouse | C7: North | D7: Person 6 | E7: 19757 | F7: 45002
A8: 2007 | B8: Mouse | C8: East | D8: Person 7 | E8: 32058 | F8: 45017
A9: 2008 | B9: Keyboard | C9: East | D9: Person 8 | E9: 46429 | F9: 45032
A10: 2009 | B10: Printer | C10: East | D10: Person 9 | E10: 19746 | F10: 45047
A11: 2010 | B11: Keyboard | C11: South | D11: Person 10 | E11: 35185 | F11: 45062
A12: 2011 | B12: Keyboard | C12: East | D12: Person 11 | E12: 33920 | F12: 45077
A13: 2012 | B13: Monitor | C13: North | D13: Person 12 | E13: 35611 | F13: 45092
A14: 2013 | B14: Laptop | C14: East | D14: Person 13 | E14: 15560 | F14: 45107
... A21: 2020 | B21: Printer | C21: West | D21: Person 20 | E21: 33953 | F21: 45212

Sheet Employee
A1: Employee ID | B1: Name | C1: Department | D1: Salary | E1: Joining Date | F1: Highest Salary | G1: No. of HR | H1: Experience
A2: 3001 | B2: Employee 1 | C2: Finance | D2: 86766 | E2: 42005 | F2: =MAX(D2:D21) -> 116284 | G2: =COUNTIF(C2:C21,"HR") -> 6 | H2: =IF(E2<=TODAY(),TODAY()-E2,"-") -> 4128
A3: 3002 | B3: Employee 2 | C3: Finance | D3: 31943 | E3: 42255 | H3: =IF(E3<=TODAY(),TODAY()-E3,"-") -> 3878
A4: 3003 | B4: Employee 3 | C4: HR | D4: 63374 | E4: 42505 | H4: =IF(E4<=TODAY(),TODAY()-E4,"-") -> 3628
A5: 3004 | B5: Employee 4 | C5: Finance | D5: 109972 | E5: 42755 | H5: =IF(E5<=TODAY(),TODAY()-E5,"-") -> 3378
A6: 3005 | B6: Employee 5 | C6: IT | D6: 54149 | E6: 43005 | H6: =IF(E6<=TODAY(),TODAY()-E6,"-") -> 3128
A7: 3006 | B7: Employee 6 | C7: IT | D7: 78689 | E7: 43255 | H7: =IF(E7<=TODAY(),TODAY()-E7,"-") -> 2878
A8: 3007 | B8: Employee 7 | C8: Marketing | D8: 35960 | E8: 43505 | H8: =IF(E8<=TODAY(),TODAY()-E8,"-") -> 2628
A9: 3008 | B9: Employee 8 | C9: IT | D9: 91659 | E9: 43755 | H9: =IF(E9<=TODAY(),TODAY()-E9,"-") -> 2378
A10: 3009 | B10: Employee 9 | C10: IT | D10: 90423 | E10: 44005 | H10: =IF(E10<=TODAY(),TODAY()-E10,"-") -> 2128
A11: 3010 | B11: Employee 10 | C11: HR | D11: 107877 | E11: 44255 | H11: =IF(E11<=TODAY(),TODAY()-E11,"-") -> 1878
A12: 3011 | B12: Employee 11 | C12: Finance | D12: 107634 | E12: 44505 | H12: =IF(E12<=TODAY(),TODAY()-E12,"-") -> 1628
A13: 3012 | B13: Employee 12 | C13: Finance | D13: 35226 | E13: 44755 | H13: =IF(E13<=TODAY(),TODAY()-E13,"-") -> 1378
A14: 3013 | B14: Employee 13 | C14: HR | D14: 40872 | E14: 45005 | H14: =IF(E14<=TODAY(),TODAY()-E14,"-") -> 1128
... A21: 3020 | B21: Employee 20 | C21: Marketing | D21: 99924 | E21: 46755 | H21: =IF(E21<=TODAY(),TODAY()-E21,"-") -> -

Sheet Analysis
A1: Employee Salary (VLOOKUP) | B1: Employee Salary (INDEX MATCH) | C1: Error Handling (IFERROR) | D1: Indirect Reference | E1: Next Student (Offset)
A2: =VLOOKUP(3001,Employee!A2:D21, 4,FALSE ) -> 86766 | B2: =INDEX(Employee!$D:$D, MATCH(3001, Employee!$A:$A, 0)) -> 86766 | C2: =IFERROR(VLOOKUP(3001,Employee!$A:$D,4,FALSE),"Not Found") -> 86766 | D2: =INDIRECT("Students!B2") -> Student 1 | E2: =OFFSET(Students!B2,1,0) -> Student 2
A3: =VLOOKUP(3002,Employee!A3:D22, 4,FALSE ) -> 31943 | B3: =INDEX(Employee!$D:$D, MATCH(3002, Employee!$A:$A, 0)) -> 31943 | C3: =IFERROR(VLOOKUP(3002,Employee!$A:$D,4,FALSE),"Not Found") -> 31943
A4: =VLOOKUP(3003,Employee!A4:D23, 4,FALSE ) -> 63374 | B4: =INDEX(Employee!$D:$D, MATCH(3003, Employee!$A:$A, 0)) -> 63374 | C4: =IFERROR(VLOOKUP(3003,Employee!$A:$D,4,FALSE),"Not Found") -> 63374
A5: =VLOOKUP(3004,Employee!A5:D24, 4,FALSE ) -> 109972 | B5: =INDEX(Employee!$D:$D, MATCH(3004, Employee!$A:$A, 0)) -> 109972 | C5: =IFERROR(VLOOKUP(3004,Employee!$A:$D,4,FALSE),"Not Found") -> 109972
A6: =VLOOKUP(3005,Employee!A6:D25, 4,FALSE ) -> 54149 | B6: =INDEX(Employee!$D:$D, MATCH(3005, Employee!$A:$A, 0)) -> 54149 | C6: =IFERROR(VLOOKUP(3005,Employee!$A:$D,4,FALSE),"Not Found") -> 54149
A7: =VLOOKUP(3006,Employee!A7:D26, 4,FALSE ) -> 78689 | B7: =INDEX(Employee!$D:$D, MATCH(3006, Employee!$A:$A, 0)) -> 78689 | C7: =IFERROR(VLOOKUP(3006,Employee!$A:$D,4,FALSE),"Not Found") -> 78689
A8: =VLOOKUP(3007,Employee!A8:D27, 4,FALSE ) -> 35960 | B8: =INDEX(Employee!$D:$D, MATCH(3007, Employee!$A:$A, 0)) -> 35960 | C8: =IFERROR(VLOOKUP(3007,Employee!$A:$D,4,FALSE),"Not Found") -> 35960
A9: =VLOOKUP(3008,Employee!A9:D28, 4,FALSE ) -> 91659 | B9: =INDEX(Employee!$D:$D, MATCH(3008, Employee!$A:$A, 0)) -> 91659 | C9: =IFERROR(VLOOKUP(3008,Employee!$A:$D,4,FALSE),"Not Found") -> 91659
A10: =VLOOKUP(3009,Employee!A10:D29, 4,FALSE ) -> 90423 | B10: =INDEX(Employee!$D:$D, MATCH(3009, Employee!$A:$A, 0)) -> 90423 | C10: =IFERROR(VLOOKUP(3009,Employee!$A:$D,4,FALSE),"Not Found") -> 90423
A11: =VLOOKUP(3010,Employee!A11:D30, 4,FALSE ) -> 107877 | B11: =INDEX(Employee!$D:$D, MATCH(3010, Employee!$A:$A, 0)) -> 107877 | C11: =IFERROR(VLOOKUP(3010,Employee!$A:$D,4,FALSE),"Not Found") -> 107877
A12: =VLOOKUP(3011,Employee!A12:D31, 4,FALSE ) -> 107634 | B12: =INDEX(Employee!$D:$D, MATCH(3011, Employee!$A:$A, 0)) -> 107634 | C12: =IFERROR(VLOOKUP(3011,Employee!$A:$D,4,FALSE),"Not Found") -> 107634
A13: =VLOOKUP(3012,Employee!A13:D32, 4,FALSE ) -> 35226 | B13: =INDEX(Employee!$D:$D, MATCH(3012, Employee!$A:$A, 0)) -> 35226 | C13: =IFERROR(VLOOKUP(3012,Employee!$A:$D,4,FALSE),"Not Found") -> 35226
A14: =VLOOKUP(3013,Employee!A14:D33, 4,FALSE ) -> 40872 | B14: =INDEX(Employee!$D:$D, MATCH(3013, Employee!$A:$A, 0)) -> 40872 | C14: =IFERROR(VLOOKUP(3013,Employee!$A:$D,4,FALSE),"Not Found") -> 40872
A15: =VLOOKUP(3014,Employee!A15:D34, 4,FALSE ) -> 55378 | B15: =INDEX(Employee!$D:$D, MATCH(3014, Employee!$A:$A, 0)) -> 55378 | C15: =IFERROR(VLOOKUP(3014,Employee!$A:$D,4,FALSE),"Not Found") -> 55378
A16: =VLOOKUP(3015,Employee!A16:D35, 4,FALSE ) -> 63297 | B16: =INDEX(Employee!$D:$D, MATCH(3015, Employee!$A:$A, 0)) -> 63297 | C16: =IFERROR(VLOOKUP(3015,Employee!$A:$D,4,FALSE),"Not Found") -> 63297
A17: =VLOOKUP(3016,Employee!A17:D36, 4,FALSE ) -> 114173 | B17: =INDEX(Employee!$D:$D, MATCH(3016, Employee!$A:$A, 0)) -> 114173 | C17: =IFERROR(VLOOKUP(3016,Employee!$A:$D,4,FALSE),"Not Found") -> 114173
A18: =VLOOKUP(3017,Employee!A18:D37, 4,FALSE ) -> 86915 | B18: =INDEX(Employee!$D:$D, MATCH(3017, Employee!$A:$A, 0)) -> 86915 | C18: =IFERROR(VLOOKUP(3017,Employee!$A:$D,4,FALSE),"Not Found") -> 86915
A19: =VLOOKUP(3018,Employee!A19:D38, 4,FALSE ) -> 116284 | B19: =INDEX(Employee!$D:$D, MATCH(3018, Employee!$A:$A, 0)) -> 116284 | C19: =IFERROR(VLOOKUP(3018,Employee!$A:$D,4,FALSE),"Not Found") -> 116284
A20: =VLOOKUP(3019,Employee!A20:D39, 4,FALSE ) -> 116283 | B20: =INDEX(Employee!$D:$D, MATCH(3019, Employee!$A:$A, 0)) -> 116283 | C20: =IFERROR(VLOOKUP(3019,Employee!$A:$D,4,FALSE),"Not Found") -> 116283
A21: =VLOOKUP(3020,Employee!A21:D40, 4,FALSE ) -> 99924 | B21: =INDEX(Employee!$D:$D, MATCH(3020, Employee!$A:$A, 0)) -> 99924 | C21: =IFERROR(VLOOKUP(3020,Employee!$A:$D,4,FALSE),"Not Found") -> 99924
